{
  "max_show_windows": 16,
  "cards": [
    {
      "devid": 0,
      "cameras": [
        {
          "address": "rtsp://192.168.150.2:554/test",
          "chan_num": 2,
          "road_ROI":[[604, 806],[846, 591],[1116, 588],[1396, 804]],
          "HMat":[[1.6917548704398884, -1.5983741568609355, 883.7178702266243], [-0.013188324263021405, -0.8237382886626196, 756.7365746500346], [1.6910074589321605e-06, -0.0016404044446291432, 1.0]]
        }
      ]
    }
  ],
  "pipeline": {
    "preprocess": {
      "thread_num": 4,
      "queue_size": 16
    },
    "inference": {
      "thread_num": 1,
      "queue_size": 16
    },
    "postprocess": {
      "thread_num": 4,
      "queue_size": 16
    }
  }
}

